{
  "project_info": {
    "project_number": "203203461968",
    "project_id": "cadastro-usuario-8e057",
    "storage_bucket": "cadastro-usuario-8e057.appspot.com"
  },
  "client": [
    {
      "client_info": {
        "mobilesdk_app_id": "1:203203461968:android:0af9d4ecb85064cecb2255",
        "android_client_info": {
          "package_name": "com.example.cadastrousuario"
        }
      },
      "oauth_client": [
        {
          "client_id": "203203461968-7jttl3t0ana1oi8196g8gnk81a0gbsa6.apps.googleusercontent.com",
          "client_type": 3
        }
      ],
      "api_key": [
        {
          "current_key": "AIzaSyC-KFr1OVQSsRuYgHmG8ukvpgqB6DtqV4Q"
        }
      ],
      "services": {
        "appinvite_service": {
          "other_platform_oauth_client": [
            {
              "client_id": "203203461968-7jttl3t0ana1oi8196g8gnk81a0gbsa6.apps.googleusercontent.com",
              "client_type": 3
            }
          ]
        }
      }
    }
  ],
  "configuration_version": "1"
}